indic_ed,geo\time	2011 	2010 	2009 	2008 	2007 	2006 	2005 	2004 	2003 	2002 	2001 	2000 	1999 	1998 	1997 	1996 
FP01_1,AL	: 	: 	: 	: 	: 	: 	: 	: 	: 	: d	: 	: 	: 	: 	: 	: 
FP01_1,AT	5.80 	5.91 	5.98 	5.47 	5.33 	5.40 	5.44 	5.48 	5.53 	5.68 	5.74 	5.66 	: 	: 	: 	: 
FP01_1,BE	6.55 d	6.58 d	6.57 d	6.43 d	6.00 d	5.98 d	5.92 d	5.95 d	6.02 d	6.09 d	5.99 d	: u	: 	: 	: 	: 
FP01_1,BG	3.82 	4.10 	4.58 	4.44 	3.88 	4.04 	4.25 	4.40 	4.09 	3.94 	3.70 	4.19 	: 	: 	: 	: 
FP01_1,CH	5.28 	5.22 	5.36 	4.95 	4.88 	5.28 	5.52 	5.55 	5.72 	5.57 	5.25 	5.06 	: 	: 	: 	: 
FP01_1,CY	7.87 d	7.92 d	7.98 d	7.45 d	6.95 d	7.02 d	6.95 d	6.77 d	7.37 d	6.60 d	5.98 d	5.44 d	: 	: 	: 	: 
FP01_1,CZ	4.51 	4.24 	4.36 	3.92 	4.05 	4.42 	4.08 	4.20 	4.32 	4.15 	3.93 	3.83 	: 	: 	: 	: 
FP01_1,DE	4.98 	5.08 	5.06 	4.57 	4.49 	4.43 	4.57 	4.62 	4.74 	4.72 	4.51 	4.5 	: 	: 	: 	: 
FP01_1,DK	8.75 d	8.81 d	8.74 d	7.68 d	7.81 d	7.97 d	8.30 d	8.43 	8.33 	8.44 d	8.44 d	8.28 d	: 	: 	: 	: 
FP01_1,EE	5.16 	5.66 	6.03 	5.61 	4.72 d	4.70 	4.88 	4.92 	5.29 	5.47 	5.24 	5.57 d	: 	: 	: 	: 
FP01_1,EL	: 	: 	: 	: 	: 	: 	4.09 	3.83 d	3.56 d	3.57 d	3.50 d	3.7 d	: 	: 	: 	: 
FP01_1,ES	4.82 	4.98 	5.02 	4.62 	4.34 	4.26 	4.23 	4.25 	4.28 	4.25 	4.24 	4.28 	: 	: 	: 	: 
FP01_1,FI	6.76 	6.85 	6.81 	6.10 	5.90 	6.18 	6.30 	6.42 	6.43 	6.22 	6.06 	6.08 	: 	: 	: 	: 
FP01_1,FR	5.68 	5.86 	5.90 	5.62 	5.62 	5.61 	5.67 	5.80 	5.92 	5.90 	5.95 	6.04 	: 	: 	: 	: 
FP01_1,HR	4.21 d	4.31 d	4.42 d	4.32 d	4.02 d	4.04 d	3.98 d	3.87 	3.93 d	3.71 d	: 	: 	: 	: 	: 	: 
FP01_1,HU	4.71 	4.90 	5.12 	5.10 	5.29 	5.44 	5.46 	5.44 	5.91 	5.39 	5.06 	4.50 	: 	: 	: 	: 
FP01_1,IE	6.15 	6.41 	6.43 	5.67 	4.92 	4.73 	4.72 	4.66 	4.35 	4.27 	4.24 	4.29 	: 	: 	: 	: 
FP01_1,IS	7.36 d	7.60 d	7.81 d	7.56 d	7.36 d	7.55 d	7.59 d	7.47 d	7.70 d	6.79 d	6.24 d	5.93 d	: 	: 	: 	: 
FP01_1,IT	4.29 	4.50 	4.70 	4.56 	4.27 	4.67 	4.41 	4.56 	4.72 	4.60 	4.83 	4.52 	: 	: 	: 	: 
FP01_1,LI	: 	2.68 	2.90 	2.05 d	1.92 	2.05 	2.29 	2.43 	2.46 	2.96 	: 	: 	: 	: 	: 	: 
FP01_1,LT	5.17 	5.38 	5.64 	4.88 	4.64 	4.82 	4.88 	5.17 	5.14 	5.81 	5.86 	5.6 	: 	: 	: 	: 
FP01_1,LU	: 	: 	: 	: 	3.15 d	3.41 d	3.78 d	3.87 d	3.77 d	3.79 d	3.75 d	: 	: 	: 	: 	: 
FP01_1,LV	4.96 	4.96 	5.59 	5.71 	5.07 	5.13 	5.14 	5.12 	5.58 	6.60 	7.22 	5.64 	: 	: 	: 	: 
FP01_1,MK	: 	: 	: 	: 	: 	: 	: 	: 	3.30 d	3.35 d	: 	: 	: 	: 	: 	: 
FP01_1,MT	8.04 	6.74 	5.32 	5.72 d	6.18 	6.45 	6.58 b	4.66 	4.48 	4.22 	4.27 	4.52 	: 	: 	: 	: 
FP01_1,NL	5.93 	5.98 	5.95 	5.50 	5.32 	5.50 	5.53 	5.50 	5.47 	5.22 	5.09 	4.98 	4.90 	4.82 	4.78 	5.03 
FP01_1,NO	6.66 	6.87 	7.24 	6.40 	6.66 	6.49 	6.97 	7.42 	7.55 	7.58 d	7.18 d	6.81 d	: 	: 	: 	: 
FP01_1,PL	4.94 	5.17 d	5.09 d	5.08 d	4.91 d	5.25 d	5.47 d	5.41 d	5.35 d	5.41 d	5.42 d	4.87 d	: 	: 	: 	: 
FP01_1,PT	5.27 d	5.62 d	5.79 d	4.89 d	5.10 d	5.07 d	5.21 d	5.10 d	5.38 d	5.33 d	5.39 d	5.42 d	: 	: 	: 	: 
FP01_1,RO	3.07 	3.53 	4.24 	: u	4.25 	: u	3.48 	3.28 	3.45 	3.51 	3.25 	2.88 	: 	: 	: 	: 
FP01_1,SE	6.82 	6.98 	7.26 	6.76 	6.61 	6.75 	6.89 	7.09 	7.21 	7.36 	7.06 	7.31 	: 	: 	: 	: 
FP01_1,SI	5.68 	5.68 	5.69 	5.20 	5.15 	5.72 	5.73 	5.74 	5.80 	5.76 	5.86 	: 	: 	: 	: 	: 
FP01_1,SK	4.06 d	4.22 d	4.09 d	3.61 d	3.62 d	3.80 d	3.85 d	4.19 d	4.30 d	4.31 d	3.99 d	4.15 d	: 	: 	: 	: 
FP01_1,TR	4.07 	: 	: 	: 	: 	2.82 	: 	3.07 	2.91 d	2.75 d	2.58 d	3.48 d	: 	: 	: 	: 
FP01_1,UK	5.98 d	6.15 d	5.56 d	5.34 d	5.29 d	5.38 d	5.31 d	5.12 d	5.21 d	5.06 d	4.58 d	4.64 d	: 	: 	: 	: 
FP05_1,AT	0.51 	0.52 	0.50 	0.50 	0.47 	0.59 	0.47 	0.39 	0.30 	0.38 	0.32 	0.33 	: 	: 	: 	: 
FP05_1,BE	0.32 d	0.34 d	0.38 d	0.37 d	0.34 d	0.34 d	0.35 d	0.34 d	0.35 d	0.36 d	0.36 d	0.43 d	: 	: 	: 	: 
FP05_1,BG	0.65 	0.63 	0.66 	0.56 	0.58 	0.62 	0.58 	0.62 	0.65 	0.67 d	0.68 d	0.77 	: 	: 	: 	: 
FP05_1,CH	0.48 	0.48 	0.58 d	0.54 d	0.53 d	0.54 	0.55 	0.56 	0.61 	0.60 	0.54 	0.43 	: 	: 	: 	: 
FP05_1,CY	1.70 	1.61 	1.53 	1.36 	1.27 	1.21 	1.21 	1.18 	1.36 	1.41 	1.25 	1.72 	: 	: 	: 	: 
FP05_1,CZ	0.59 	0.57 	0.57 	0.55 	0.50 	0.53 	0.55 	0.58 	0.36 	0.23 	0.39 	0.40 	: 	: 	: 	: 
FP05_1,DE	0.69 	0.74 	0.80 	0.70 	0.69 	0.71 	0.92 	0.92 	0.92 	0.88 	0.97 	1.0 	: 	: 	: 	: 
FP05_1,DK	0.43 	0.44 	0.33 	0.55 	0.53 	0.58 	0.57 	0.32 d	0.32 d	0.28 d	0.27 d	0.27 d	: 	: 	: 	: 
FP05_1,EE	0.33 d	0.41 d	0.36 d	0.30 d	0.31 d	0.34 	0.38 	: 	: 	: 	: 	: 	: 	: 	: 	: 
FP05_1,EL	: 	: 	: 	: 	: 	: 	0.26 	0.19 	0.20 	0.17 d	0.21 d	0.2 d	: 	: 	: 	: 
FP05_1,ES	0.85 	0.82 d	0.72 d	0.66 d	0.61 d	0.52 	0.53 	0.61 	0.54 	0.54 	0.57 	0.60 	: 	: 	: 	: 
FP05_1,FI	0.15 	0.15 	0.16 	0.15 	0.14 	0.15 	0.13 	0.13 	0.13 	0.13 	0.12 	0.12 	: 	: 	: 	: 
FP05_1,FR	0.65 	0.64 	0.61 	0.60 	0.54 	0.54 	0.55 	0.55 	0.56 	0.56 	0.56 	0.56 	: 	: 	: 	: 
FP05_1,HR	0.40 d	0.27 d	0.37 d	0.36 d	0.35 	0.38 	0.28 	: 	: 	0.13 d	: 	: 	: 	: 	: 	: 
FP05_1,HU	: z	: z	: z	: z	: z	0.54 	0.49 	0.52 	0.56 	0.55 	0.56 	0.58 	: 	: 	: 	: 
FP05_1,IE	0.47 d	0.48 d	0.36 d	0.34 d	0.24 d	0.28 	0.29 	0.32 	0.31 	0.28 	0.34 	0.42 	: 	: 	: 	: 
FP05_1,IS	0.74 d	0.75 d	0.74 d	0.71 d	0.77 d	0.81 d	0.72 d	0.74 d	0.70 d	0.57 d	0.53 d	0.56 d	: 	: 	: 	: 
FP05_1,IT	0.49 	0.46 	0.45 	0.41 	0.39 	0.37 	0.40 	0.42 	0.39 	0.35 	0.31 	0.43 	: 	: 	: 	: 
FP05_1,LI	: 	: 	: 	: 	: 	: 	: 	: 	: 	: u	: 	: 	: 	: 	: 	: 
FP05_1,LT	0.65 	0.69 	0.66 	0.51 	0.45 	0.46 	0.49 	0.47 	0.46 	: 	: 	: 	: 	: 	: 	: 
FP05_1,LU	: 	: 	: 	: 	: 	: 	: 	: 	: 	: 	: u	: 	: 	: 	: 	: 
FP05_1,LV	0.62 	0.57 	0.58 	0.60 	0.56 	0.66 	0.77 	0.82 	0.87 	0.95 d	0.96 d	0.63 d	: 	: 	: 	: 
FP05_1,MT	1.28 	1.31 	1.32 	0.30 	0.37 	0.37 	0.37 b	0.43 	1.33 	0.59 	0.81 	0.47 d	: 	: 	: 	: 
FP05_1,NL	1.09 	1.04 	1.02 	0.94 	0.90 	0.88 	0.91 	0.95 	0.91 	0.88 	0.83 	0.82 	0.83 	0.45 	0.46 	0.50 
FP05_1,NO	0.10 d	0.10 d	0.11 d	0.09 d	: 	: 	: d	0.05 d	0.10 d	0.26 	0.25 	0.08 d	: 	: 	: 	: 
FP05_1,PL	0.70 	0.80 d	0.77 d	0.74 d	0.50 d	0.54 d	0.55 d	0.59 d	0.66 d	0.64 d	: 	: 	: 	: 	: 	: 
FP05_1,PT	0.40 	0.43 	0.38 d	0.49 d	0.44 d	0.43 d	0.41 d	0.13 d	0.09 d	0.08 d	0.08 d	0.08 d	: 	: 	: 	: 
FP05_1,RO	0.11 	0.12 	0.11 	: u	0.50 	: u	0.40 	: 	: 	0.16 d	0.21 d	0.25 d	: 	: 	: 	: 
FP05_1,SE	0.17 	0.16 	0.18 	0.17 	0.16 	0.17 	0.19 	0.19 	0.19 	0.17 	0.20 	0.20 	: 	: 	: 	: 
FP05_1,SI	0.67 	0.68 	0.68 	0.63 	0.72 	0.76 	0.78 	0.83 	0.83 	0.83 	0.81 	: 	: 	: 	: 	: 
FP05_1,SK	0.62 d	0.72 d	0.72 d	0.70 d	0.53 d	0.62 d	0.70 d	0.75 d	0.45 d	0.20 	0.11 	0.15 d	: 	: 	: 	: 
FP05_1,TR	0.39 	: 	: 	: 	: 	: 	: 	0.08 	0.04 d	0.32 d	0.03 	0.05 d	: 	: 	: 	: 
FP05_1,UK	1.57 d	1.99 d	1.84 d	1.72 d	1.72 d	1.41 d	1.22 d	0.92 d	0.94 d	0.89 d	0.82 d	0.78 d	: 	: 	: 	: 
FT01_2,AT	7989.3 	7820.9 	7547.4 d	7363.1 d	7041.7 d	7010.9 d	6695.3 d	6293.2 d	6103.5 d	6089.3 	5795.1 	5738.6 	: 	: 	: 	: 
FT01_2,BE	6981.2 d	6888.3 d	6279.0 d	6657.2 d	6122.8 d	5847.9 d	5551.3 d	5380.0 d	5217.9 d	4929.6 d	4660.7 d	3764.1 d	: 	: 	: 	: 
FT01_2,BG	1987.7 	2026.3 	2115.2 	2258.9 	1899.0 	1754.5 	1646.9 	1344.1 	1223.5 	1080.4 	899.3 	874.9 	: 	: 	: 	: 
FT01_2,CY	8881.1 	8636.5 	7999.1 	7603.0 	6589.4 	5812.5 	5086.0 	4593.6 	4569.8 	3985.4 	3671.2 	3258.8 	: 	: 	: 	: 
FT01_2,CZ	3416.5 	3173.3 	3162.6 	2850.4 	2791.8 	2661.1 	2366.7 	2307.5 	1983.1 	1768.4 	1617.8 	1563.8 	: 	: 	: 	: 
FT01_2,DE	5700.9 	5494.2 	4946.1 	4634.4 	4608.6 	4467.9 	4314.5 	4149.5 	4034.1 	3937.4 	3760.9 	3554.5 	: 	: 	: 	: 
FT01_2,DK	7096.0 d	8408.7 d	8448.9 d	7881.2 d	7703.9 	7378.7 	7054.6 	6789.8 	6543.6 	6686.6 	6429.4 	6046.9 	: 	: 	: 	: 
FT01_2,EE	4011.5 	3955.8 	4067.0 	4317.5 	3346.9 	3067.9 	2679.6 	: 	: 	: 	: 	: 	: 	: 	: 	: 
FT01_2,EL	: 	: 	: 	: 	: 	: 	3727.7 d	3182.2 d	2905.8 d	2734.3 d	2420.0 d	: u	: 	: 	: 	: 
FT01_2,ES	5481.8 	5587.6 d	5612.8 d	5601.9 d	5420.3 d	4981.9 d	4614.9 d	4158.3 d	4050.3 d	3965.8 	3669.1 	3527.5 	: 	: 	: 	: 
FT01_2,FI	6137.5 	5905.0 	5550.7 	5546.4 	5163.9 	4913.6 	4673.9 	4687.2 	4322.8 	4187.0 	3952.2 	3910.1 	: 	: 	: 	: 
FT01_2,FR	5203.0 	5120.2 	4840.6 	4919.9 	5018.1 	4547.1 	4479.7 	4372.8 	4280.6 	4256.6 	4178.8 	4028.5 	: 	: 	: 	: 
FT01_2,HR	3226.1 d	3259.5 d	3201.5 d	3408.0 d	3147.5 d	: u	: u	: u	: u	: u	: 	: 	: 	: 	: 	: 
FT01_2,HU	: z	: z	: z	: z	: z	3805.6 	3616.6 	3129.2 	: 	: 	: 	: u	: 	: 	: 	: 
FT01_2,IE	: u	: 	: 	: 	: 	: u	4858.6 d	4517.2 d	4043.8 d	3563.3 	3231.3 	2988.9 	: 	: 	: 	: 
FT01_2,IS	7776.8 d	7461.3 d	7757.6 d	8353.6 d	7940.9 d	7679.6 d	7555.0 d	7032.3 d	6376.1 d	: 	5542.9 d	5123.9 	: 	: 	: 	: 
FT01_2,IT	6027.9 	6045.3 	6214.9 	6454.7 	5886.7 	6148.1 	5562.3 	5836.3 	5884.7 	5618.5 	5699.8 	: u	: 	: 	: 	: 
FT01_2,LI	: 	: 	: 	: 	: 	: 	: d	: d	: d	: d	: 	: 	: 	: 	: 	: 
FT01_2,LT	3479.6 	3445.8 	2417.7 	2763.0 	2340.5 	2044.9 	1758.2 	1573.4 	1414.4 	1243.5 	1156.6 d	1397.5 d	: 	: 	: 	: 
FT01_2,LU	17956.1 	16306.0 	12385.3 	11252.9 	: 	: 	: 	: 	: 	: 	: 	: 	: 	: 	: 	: 
FT01_2,LV	3759.2 	3569.3 	3795.1 	4214.2 	3451.6 	3871.3 	2421.3 	2120.7 	2038.4 	2246.3 	2085.0 	1573.9 	: 	: 	: 	: 
FT01_2,MT	5697.3 	6181.5 	5554.8 	4606.6 	4340.8 	4360.3 	3712.8 b	2536.7 	2542.1 	2579.7 d	2669.6 d	2432.1 d	: 	: 	: 	: 
FT01_2,NL	6094.2 	6126.1 	5868.5 	5841.1 	5550.8 	5466.2 	5333.2 	5100.0 	5011.5 	4772.0 	4306.7 	3921.8 	3511.4 	3219.8 	3032.7 	2971.1 
FT01_2,NO	9371.6 d	9389.7 d	8861.7 d	8599.3 d	8243.4 d	7888.1 d	7474.9 d	7127.6 d	6847.1 d	6424.7 	6673.8 d	6086.2 d	: 	: 	: 	: 
FT01_2,PL	4541.3 	4471.6 d	3872.9 d	3690.5 d	3310.4 d	3053.2 d	2762.9 d	2570.5 d	2379.6 d	2275.3 	2440.9 d	1937.1 d	: 	: 	: 	: 
FT01_2,PT	: 	: 	4006.4 d	3774.4 d	3853.5 d	3940.2 d	3883.1 d	3576.7 d	3583.5 d	3617.3 d	3386.8 d	3341.1 d	: 	: 	: 	: 
FT01_2,RO	1567.6 	1729.9 	2177.9 	: u	: u	: u	1121.5 	: 	: 	: 	: 	: 	: 	: 	: 	: 
FT01_2,SE	7744.1 d	7675.7 d	7074.7 d	7111.9 d	6924.9 d	6388.0 d	6204.5 d	6330.8 d	6124.1 d	6099.5 	5473.0 	5736.9 	: 	: 	: 	: 
FT01_2,SI	6952.6 	6928.6 	6937.3 d	7134.2 d	6708.8 d	6818.7 d	6463.3 d	6121.1 d	5563.5 d	5179.7 d	4584.5 d	: 	: 	: 	: 	: 
FT01_2,SK	4150.1 d	4480.2 d	3848.5 	3248.5 d	2924.8 d	2674.9 	2365.2 	1736.8 	1734.2 	1278.9 	1127.0 	1050.1 	: 	: 	: 	: 
FT01_2,TR	1643.4 	1432.7 	: 	: 	: 	: 	: 	: u	: u	: u	: u	: u	: 	: 	: 	: 
FT01_2,UK	7549.6 d	7060.2 d	6925.7 d	6914.1 d	6855.7 d	6613.3 d	5611.1 d	4898.3 d	4819.4 d	4269.2 d	3824.0 d	3440.3 d	: 	: 	: 	: 
FT01_3,AT	9987.9 	9316.5 	9291.1 d	9068.8 d	8809.8 d	8783.6 d	8077.7 d	8025.5 d	7969.8 d	7754.8 	6910.8 	7923.5 	: 	: 	: 	: 
FT01_3,BE	8825.3 d	8563.3 d	8111.1 d	8205.4 d	7477.3 d	7111.7 d	6455.3 d	6284.7 d	6507.8 d	7198.0 d	7008.6 d	6017.7 d	: 	: 	: 	: 
FT01_3,BG	2291.9 	2264.9 	2262.8 	2318.4 	1825.1 	1649.0 	1536.9 	1415.2 	1308.2 	1219.5 	998.5 	1018.2 	: 	: 	: 	: 
FT01_3,CY	10882.3 	10685.8 	10755.2 	10463.8 	9316.3 	8578.6 	8084.9 	7407.4 	7423.1 	6735.9 	6049.5 	6095.5 	: 	: 	: 	: 
FT01_3,CZ	5196.1 	4828.2 	4765.6 	4447.2 	4442.0 	4251.3 	3964.3 	3845.3 	3485.5 	3021.7 	2930.0 	2726.6 	: 	: 	: 	: 
FT01_3,DE	7699.2 	7468.4 	6916.2 	6721.3 	6590.8 	6339.7 	6697.8 	6074.5 	5899.1 	6225.4 	6014.0 	5925.4 	: 	: 	: 	: 
FT01_3,DK	8227.1 d	9033.2 d	8350.6 d	8381.2 d	8123.3 d	8103.3 d	7795.4 d	7435.2 d	6852.6 d	6925.9 d	7179.4 d	7371.2 d	: 	: 	: 	: 
FT01_3,EE	4835.2 	4991.3 	4739.0 	4740.4 	4122.3 	3710.7 	3214.7 	: 	: 	: 	: 	: 	: 	: 	: 	: 
FT01_3,EL	: 	: 	: 	: 	: 	: 	4788.8 d	4404.9 d	4121.4 d	3511.6 d	3097.2 d	: u	: 	: 	: 	: 
FT01_3,ES	7232.2 	7363.8 d	7601.4 d	7635.3 d	7185.9 d	6638.2 d	6048.1 d	5612.7 d	5383.9 d	5190.4 	4791.1 	4641.5 	: 	: 	: 	: 
FT01_3,FI	7365.5 	7095.7 	6740.2 	6771.8 	6484.8 	6275.1 	6159.6 	6249.9 	6013.1 	5860.8 	5666.7 	5489.6 	: 	: 	: 	: 
FT01_3,FR	8333.0 	8387.5 	8099.6 	8017.2 	7896.7 	7687.5 	7422.1 	7197.1 	7110.1 	7332.2 	7049.4 	6772.1 	: 	: 	: 	: 
FT01_3,HR	3231.2 d	3458.0 d	3817.9 d	3616.4 d	3135.4 d	: u	: u	: u	: u	: u	: 	: 	: 	: 	: 	: 
FT01_3,HU	: z	: z	: z	: z	: z	3387.7 	3177.0 	3152.6 	: 	: 	: 	: u	: 	: 	: 	: 
FT01_3,IE	: u	: u	: u	: u	: 	: u	6116.0 d	5897.8 d	5359.6 d	4900.9 	4539.1 	4111.1 	: 	: 	: 	: 
FT01_3,IS	6370.9 d	6170.3 d	6640.5 d	7099.2 d	6885.3 d	7072.0 d	6849.5 d	6832.0 d	5854.9 d	6431.2 d	6164.1 d	5426.5 d	: 	: 	: 	: 
FT01_3,IT	6156.6 d	6260.1 d	6580.5 d	7073.0 d	6500.0 d	6951.8 d	6307.2 d	6361.9 d	6526.3 d	6095.4 d	7132.1 	: u	: 	: 	: 	: 
FT01_3,LI	: 	9915.8 	9660.7 	: u	: 	: 	: d	: d	: d	: d	: 	: 	: 	: 	: 	: 
FT01_3,LT	3299.7 	3243.4 	3469.7 	3417.3 	2920.0 	2521.3 	2205.4 	2142.5 	1972.1 	1876.1 	1747.2 d	1562.7 d	: 	: 	: 	: 
FT01_3,LU	11950.4 	13273.9 	14510.4 d	15510.0 d	: 	: 	: 	: 	: 	: 	: 	: 	: 	: 	: 	: 
FT01_3,LV	3587.5 	3374.6 	3573.1 	4063.9 	3501.5 	2534.3 	2473.0 	2305.1 	2223.7 	2437.9 	2351.4 	1666.3 	: 	: 	: 	: 
FT01_3,MT	13927.7 	8064.6 	7352.3 	7152.4 	6368.4 	6207.4 	5593.6 b	3472.9 	3640.9 	3813.8 d	3621.6 d	3639.7 d	: 	: 	: 	: 
FT01_3,NL	9175.4 	9116.7 	8852.3 	8605.8 	8507.1 	7930.6 	7517.3 	7183.8 	7034.1 	7046.6 	6525.5 	6116.7 	5594.4 	4558.9 	4281.6 	4146.8 
FT01_3,NO	10484.8 d	10436.1 d	10270.2 d	10058.8 d	9798.8 d	9435.8 d	9130.6 d	7026.3 d	7525.1 d	8563.0 	8271.1 d	7837.7 d	: 	: 	: 	: 
FT01_3,PL	4033.7 	3878.6 d	3464.9 d	3265.1 d	2801.4 d	2649.9 d	2447.5 d	2286.1 d	2169.7 d	2150.7 	1464.3 d	1615.7 d	: 	: 	: 	: 
FT01_3,PT	: 	: 	6043.7 d	5360.0 d	5469.0 d	5363.5 d	5237.8 d	4755.6 d	5050.0 d	5095.4 d	4840.3 d	4845.0 d	: 	: 	: 	: 
FT01_3,RO	1538.2 	1714.6 	1937.1 	: u	: u	: u	1254.0 	: 	: 	: 	: 	: 	: 	: 	: 	: 
FT01_3,SE	8081.9 d	7753.0 d	7507.3 d	7723.9 d	7561.6 d	7014.6 d	6697.0 d	6761.3 d	6379.4 d	6275.5 	5598.4 	5711.8 	: 	: 	: 	: 
FT01_3,SI	6304.7 	6263.6 	5423.8 d	5498.2 d	4891.7 d	5285.6 d	4601.2 d	4163.8 d	3780.2 d	3862.8 d	3661.3 d	: 	: 	: 	: 	: 
FT01_3,SK	3706.7 d	3756.6 d	3515.1 d	3106.3 d	2690.7 d	2460.0 d	2289.2 d	2298.4 d	2062.0 d	1906.5 d	1686.4 d	1572.3 d	: 	: 	: 	: 
FT01_3,TR	2020.9 	1902.7 	: 	: 	: 	: 	: 	: u	: u	: u	: u	: u	: 	: 	: 	: 
FT01_3,UK	7416.5 d	7716.5 d	7653.4 d	7446.8 d	7443.0 d	7424.8 d	7001.8 d	5783.2 d	6005.2 d	5451.2 d	4905.9 d	4729.3 d	: 	: 	: 	: 
FT01_4,AT	11504.2 	11823.2 	11623.1 d	12257.5 d	13072.9 d	12898.5 d	12476.2 d	11865.8 d	10990.1 d	10805.0 	9619.4 	8304.7 	: 	: 	: 	: 
FT01_4,BE	11599.3 d	11812.1 d	11625.2 d	11725.4 d	11211.5 d	10950.7 d	9986.9 d	9601.0 d	9983.2 d	10458.7 d	9920.3 d	9406.2 d	: 	: 	: 	: 
FT01_4,BG	3997.9 	3784.4 	4961.2 	4820.8 	3848.1 	3854.3 	3560.5 	3602.3 	3637.2 	3454.7 	2949.0 	2795.3 	: 	: 	: 	: 
FT01_4,CY	11161.0 	9969.9 	9092.0 	10343.2 	8853.7 	9573.8 	8680.2 	7340.5 	7502.0 	8692.2 	8489.1 	8570.2 	: 	: 	: 	: 
FT01_4,CZ	6995.4 	5881.0 	6207.4 	6240.0 	6823.8 	7705.0 	5596.7 	5581.6 	5910.3 	5309.2 	5084.4 	4653.2 	: 	: 	: 	: 
FT01_4,DE	12579.1 	12451.1 	11740.0 	12029.3 	11266.1 	10846.0 	10583.1 	10103.0 	10113.7 	9545.3 	9347.3 	9226.2 	: 	: 	: 	: 
FT01_4,DK	15987.3 d	14593.2 d	14040.5 d	13786.9 d	13824.4 d	12908.3 d	12395.6 d	12792.6 d	11735.7 d	13139.4 	12542.6 	11261.9 	: 	: 	: 	: 
FT01_4,EE	5928.6 	5062.6 	4764.7 	4492.8 	4304.5 	3335.1 	3279.9 	: 	: 	: 	: 	: 	: 	: 	: 	: 
FT01_4,EL	: 	: 	: 	: 	: 	: 	5043.4 	4705.3 	4125.6 	4151.7 d	3855.9 d	: u	: 	: 	: 	: 
FT01_4,ES	9908.7 	10255.2 	10235.3 	10422.3 d	10410.4 d	9310.2 d	8461.7 d	7854.6 d	7501.4 d	6927.1 	6563.1 	5966.5 	: 	: 	: 	: 
FT01_4,FI	13541.0 	12944.6 	12482.7 	12045.3 	11237.3 	10699.9 	10329.9 	10502.9 	9786.9 	9685.0 	7828.4 	9549.5 	: 	: 	: 	: 
FT01_4,FR	11565.1 	11649.5 	11120.9 	11052.8 	10604.4 	9594.7 	9181.4 	8851.9 	8767.8 	9097.4 	8675.3 	8367.9 	: 	: 	: 	: 
FT01_4,HR	6024.1 	5191.3 	6379.4 d	7294.5 d	6044.0 d	: u	: u	: u	: u	: u	: 	: 	: 	: 	: 	: 
FT01_4,HU	: z	: z	: z	: z	: z	5023.3 	5285.1 	5523.6 	: 	: 	: 	: u	: 	: 	: 	: 
FT01_4,IE	: u	: 	: 	: 	: 	: u	8872.3 d	8506.7 d	7935.7 d	8362.7 	8488.9 	9539.3 	: 	: 	: 	: 
FT01_4,IS	6478.1 d	6867.9 d	7634.7 d	8220.1 d	7677.1 d	7227.5 d	7849.3 d	7575.0 d	7075.9 d	7371.1 d	6763.6 d	7066.0 d	: 	: 	: 	: 
FT01_4,IT	7514.5 	7378.5 	7231.3 	7457.1 	7238.3 	7023.2 	6754.9 	6413.6 	7082.4 	6975.6 	7272.7 	: u	: 	: 	: 	: 
FT01_4,LI	: 	: 	: 	: 	: 	: 	: d	: d	: d	: d	: 	: 	: 	: 	: 	: 
FT01_4,LT	6532.7 	5066.2 	4248.8 	4741.2 	4644.3 	4014.2 	3756.2 	3684.4 	3480.1 	3190.4 	2956.8 d	2283.6 d	: 	: 	: 	: 
FT01_4,LV	5506.2 	4291.1 	3530.1 	4855.5 	4595.3 	3833.8 	3705.1 	2945.4 	2960.8 	3363.7 	3471.3 	2635.8 	: 	: 	: 	: 
FT01_4,MT	7948.3 	11719.0 	10139.4 	9688.4 	8682.0 	8990.2 	9123.9 b	5805.2 	5759.4 	7019.5 d	5882.7 d	6014.4 d	: 	: 	: 	: 
FT01_4,NL	13308.8 	13218.1 	13678.6 	13896.9 	13609.4 	13072.2 	12947.8 	12851.8 	12705.6 	12911.9 	12245.4 	11828.2 	11246.7 	10412.0 	9884.8 	9673.6 
FT01_4,NO	14171.7 d	14183.9 d	14429.9 d	14705.1 d	14239.8 d	13501.0 d	12915.6 d	12527.1 d	11821.2 d	11755.9 	11655.5 	11059.0 	: 	: 	: 	: 
FT01_4,PL	6221.2 	5992.8 d	4923.4 d	4622.1 d	3817.0 d	3598.2 d	4731.9 d	3708.0 d	3534.3 d	4113.9 	3360.5 	2685.7 	: 	: 	: 	: 
FT01_4,PT	7089.3 d	7712.9 d	7155.2 d	7228.1 d	7943.9 d	7195.2 d	6376.9 d	4641.6 d	4418.1 d	3975.0 d	4211.5 d	4336.7 d	: 	: 	: 	: 
FT01_4,RO	3255.3 	3032.5 	3252.6 	: u	: u	: u	2374.6 	: 	: 	: 	: 	: 	: 	: 	: 	: 
FT01_4,SE	15659.7 	15035.0 	15052.7 	15675.6 	15249.9 	14097.9 	13135.2 	13745.9 	13501.0 	13420.1 	13205.0 	13669.9 	: 	: 	: 	: 
FT01_4,SI	7668.8 	7343.5 	7168.8 d	6397.5 d	5959.5 d	6507.2 	7029.7 	6239.8 	5800.3 	6213.2 	7380.5 	: 	: 	: 	: 	: 
FT01_4,SK	6146.5 d	5396.3 d	5041.5 d	5120.8 d	4794.5 d	5028.8 d	4874.9 d	5473.7 d	4017.2 d	4133.5 d	4756.1 d	4185.2 d	: 	: 	: 	: 
FT01_4,TR	6712.3 	: 	: 	: 	: 	: 	: 	: u	: u	: u	: u	: u	: 	: 	: 	: 
FT01_4,UK	10832.2 d	12240.8 d	12450.1 d	11930.9 d	12852.9 d	13030.9 d	12172.3 d	9350.7 d	9774.3 d	9692.9 d	9059.4 d	8554.9 d	: 	: 	: 	: 
FT02_2,AT	24.7 	25.3 	25.6 d	23.7 d	22.8 d	23.6 d	23.8 d	22.8 d	23.1 d	23.4 	23.3 	22.7 	: 	: 	: 	: 
FT02_2,BE	23.1 d	23.4 d	22.7 d	23.0 d	21.2 d	21.0 d	20.6 d	20.5 d	20.4 d	19.2 d	19.0 d	16.3 d	: 	: 	: 	: 
FT02_2,BG	17.0 	18.8 	20.6 	20.8 	19.0 	19.5 	20.0 	18.0 	17.6 	16.7 	15.3 	16.4 	: 	: 	: 	: 
FT02_2,CY	37.6 	36.5 	34.1 	30.5 	28.0 	26.4 	24.4 	23.4 	24.9 	22.1 	20.6 	19.7 	: 	: 	: 	: 
FT02_2,CZ	17.0 	16.2 	16.3 	14.1 	13.5 	14.0 	13.3 	13.6 	12.5 	11.8 	11.2 	11.6 	: 	: 	: 	: 
FT02_2,DE	18.5 	18.8 	18.4 	16.0 	16.0 	16.4 	16.6 	16.6 	16.9 	16.8 	16.4 	16.1 	: 	: 	: 	: 
FT02_2,DK	22.5 d	26.9 d	29.2 d	25.3 d	25.2 	25.2 	25.4 	25.0 	25.5 	25.5 	25.5 	24.1 	: 	: 	: 	: 
FT02_2,EE	23.1 	25.3 	27.2 	25.1 	19.1 	19.7 	19.4 	: 	: 	: 	: 	: 	: 	: 	: 	: 
FT02_2,EL	: 	: 	: 	: 	: 	: 	18.3 d	15.7 d	15.1 d	14.8 d	14.1 d	: u	: 	: 	: 	: 
FT02_2,ES	22.6 	23.0 d	23.2 d	21.6 d	20.7 d	20.1 d	20.1 d	19.0 d	19.4 d	19.3 	18.9 	19.5 	: 	: 	: 	: 
FT02_2,FI	21.1 	21.2 	20.7 	18.7 	17.6 	18.2 	18.2 	18.7 	18.6 	17.8 	17.3 	17.3 	: 	: 	: 	: 
FT02_2,FR	19.0 	19.2 	18.9 	18.4 	18.7 	17.8 	18.1 	18.5 	18.6 	18.0 	18.3 	18.4 	: 	: 	: 	: 
FT02_2,HR	21.2 d	22.2 d	21.5 d	21.0 d	20.2 d	: u	: u	: u	: u	: u	: 	: 	: 	: 	: 	: 
FT02_2,HU	: z	: z	: z	: z	: z	25.6 	25.5 	23.0 	: 	: 	: 	: u	: 	: 	: 	: 
FT02_2,IE	: u	: 	: 	: 	: 	: u	15.0 d	14.6 d	13.8 d	12.6 	12.3 	12.0 	: 	: 	: 	: 
FT02_2,IS	27.1 d	26.7 d	27.5 d	27.1 d	26.4 d	26.4 d	25.8 d	24.8 d	24.6 d	: 	21.2 d	20.6 	: 	: 	: 	: 
FT02_2,IT	23.7 	24.5 	25.5 	24.7 	22.6 	24.8 	23.5 	25.2 	25.5 	24.4 	24.3 	: u	: 	: 	: 	: 
FT02_2,LI	: 	: 	: 	: 	: 	: 	: d	: d	: d	: d	: 	: 	: 	: 	: 	: 
FT02_2,LT	20.9 	24.5 	18.9 	18.0 	15.8 	15.6 	14.7 	14.3 	13.8 	13.7 	14.0 d	18.4 d	: 	: 	: 	: 
FT02_2,LU	26.9 	25.5 	20.9 	17.1 	: 	: 	: 	: 	: 	: 	: 	: 	: 	: 	: 	: 
FT02_2,LV	25.0 	26.5 	30.0 	28.9 	24.1 	30.9 	21.8 	21.1 	22.5 	26.6 	27.4 	22.1 	: 	: 	: 	: 
FT02_2,MT	26.0 	29.4 	28.0 	22.8 	22.3 	23.5 	20.6 b	14.7 	14.9 	15.3 d	16.6 d	15.7 d	: 	: 	: 	: 
FT02_2,NL	18.6 	19.1 	18.9 	17.4 	16.8 	17.6 	18.1 	18.2 	18.7 	17.5 	16.3 	15.3 	15.1 	15.1 	14.9 	15.4 
FT02_2,NO	20.1 d	21.3 d	21.4 d	18.0 d	18.2 d	18.0 d	18.8 d	20.0 d	21.2 d	20.3 	21.0 d	19.1 d	: 	: 	: 	: 
FT02_2,PL	27.8 	29.0 d	27.3 d	26.2 d	24.4 d	24.9 d	24.0 d	23.5 d	23.5 d	23.1 	26.0 d	21.4 d	: 	: 	: 	: 
FT02_2,PT	: 	: 	21.3 d	19.4 d	19.7 d	21.1 d	21.7 d	21.4 d	21.8 d	22.2 d	21.3 d	21.9 d	: 	: 	: 	: 
FT02_2,RO	13.2 	15.2 	19.6 	: u	: u	: u	14.3 	: 	: 	: 	: 	: 	: 	: 	: 	: 
FT02_2,SE	24.7 d	25.4 d	25.1 d	23.0 d	22.2 d	22.0 d	22.7 d	23.2 d	23.9 d	24.4 	22.6 	24.2 	: 	: 	: 	: 
FT02_2,SI	33.1 	33.7 	34.2 d	31.4 d	30.3 d	32.9 d	32.9 d	32.6 d	32.1 d	30.7 d	29.0 d	: 	: 	: 	: 	: 
FT02_2,SK	22.0 d	24.7 d	22.6 	17.9 d	17.3 d	17.9 	17.5 	14.1 	15.1 	11.6 	10.9 	11.1 	: 	: 	: 	: 
FT02_2,TR	12.3 	11.8 	: 	: 	: 	: 	: 	: u	: u	: u	: u	: u	: 	: 	: 	: 
FT02_2,UK	28.2 	26.3 	24.3 	23.4 d	23.2 	23.0 	20.3 	18.7 	19.2 	17.6 	16.5 	15.3 	: 	: 	: 	: 
FT02_3,AT	30.9 	30.1 	31.5 d	29.2 d	28.5 d	29.5 d	28.7 d	29.1 d	30.2 d	29.9 	27.8 	31.4 	: 	: 	: 	: 
FT02_3,BE	29.3 d	29.1 d	29.3 d	28.4 d	25.9 d	25.5 d	24.0 d	24.0 d	25.5 d	28.1 d	28.6 d	26.1 d	: 	: 	: 	: 
FT02_3,BG	19.6 	21.0 	22.0 	21.3 	18.2 	18.3 	18.7 	18.9 	18.8 	18.9 	17.0 	19.1 	: 	: 	: 	: 
FT02_3,CY	46.1 	45.2 	45.8 	42.0 	39.5 	38.9 	38.7 	37.7 	40.5 	37.4 	33.9 	36.9 	: 	: 	: 	: 
FT02_3,CZ	25.8 	24.7 	24.6 	22.0 	21.5 	22.4 	22.3 	22.7 	22.0 	20.1 	20.3 	20.2 	: 	: 	: 	: 
FT02_3,DE	25.0 	25.6 	25.7 	23.2 	22.9 	23.2 	25.8 	24.3 	24.7 	26.6 	26.2 	26.8 	: 	: 	: 	: 
FT02_3,DK	26.1 d	29.0 d	28.9 d	27.0 d	26.6 d	27.7 d	28.1 d	27.4 d	26.7 d	26.4 d	28.5 d	29.4 d	: 	: 	: 	: 
FT02_3,EE	27.8 	32.0 	31.7 	27.5 	23.6 	23.8 	23.3 	: 	: 	: 	: 	: 	: 	: 	: 	: 
FT02_3,EL	: 	: 	: 	: 	: 	: 	23.5 d	21.7 d	21.5 d	19.0 d	18.1 d	: u	: 	: 	: 	: 
FT02_3,ES	29.8 	30.4 d	31.4 d	29.5 d	27.5 d	26.8 d	26.4 d	25.7 d	25.7 d	25.2 	24.7 	25.6 	: 	: 	: 	: 
FT02_3,FI	25.4 	25.4 	25.1 	22.8 	22.1 	23.3 	24.0 	24.9 	25.8 	24.9 	24.9 	24.3 	: 	: 	: 	: 
FT02_3,FR	30.4 	31.5 	31.7 	30.1 	29.4 	30.1 	30.0 	30.4 	30.9 	31.1 	30.9 	30.9 	: 	: 	: 	: 
FT02_3,HR	21.3 d	23.6 d	25.6 d	22.3 d	20.1 d	: u	: u	: u	: u	: u	: 	: 	: 	: 	: 	: 
FT02_3,HU	: z	: z	: z	: z	: z	22.8 	22.4 	23.2 	: 	: 	: 	: u	: 	: 	: 	: 
FT02_3,IE	: u	: u	: u	: u	: 	: u	18.8 d	19.1 d	18.3 d	17.3 	17.2 	16.5 	: 	: 	: 	: 
FT02_3,IS	22.2 d	22.1 d	23.5 d	23.0 d	22.9 d	24.3 d	23.4 d	24.1 d	22.6 d	25.6 d	23.6 d	21.8 d	: 	: 	: 	: 
FT02_3,IT	24.2 d	25.3 d	27.0 d	27.1 d	25.0 d	28.1 d	26.6 d	27.4 d	28.3 d	26.5 d	30.5 	: u	: 	: 	: 	: 
FT02_3,LI	: 	13.2 	14.4 	: 	: 	: 	: d	: d	: d	: d	: 	: 	: 	: 	: 	: 
FT02_3,LT	19.8 	23.1 	27.1 	22.3 	19.7 	19.2 	18.5 	19.5 	19.3 	20.7 	21.2 d	20.5 d	: 	: 	: 	: 
FT02_3,LU	17.9 	20.7 	24.5 d	23.6 d	: 	: 	: 	: 	: 	: 	: 	: 	: 	: 	: 	: 
FT02_3,LV	23.9 	25.1 	28.2 	27.8 	24.5 	20.2 	22.2 	22.9 	24.5 	28.9 	30.9 	23.4 	: 	: 	: 	: 
FT02_3,MT	63.4 	38.3 	37.0 	35.4 	32.7 	33.4 	31.0 b	20.1 	21.4 	22.6 d	22.5 d	23.5 d	: 	: 	: 	: 
FT02_3,NL	28.0 	28.5 	28.5 	25.6 	25.7 	25.6 	25.6 	25.7 	26.3 	25.8 	24.7 	23.9 	24.0 	21.3 	21.0 	21.5 
FT02_3,NO	22.5 d	23.7 d	24.8 d	21.0 d	21.6 d	21.6 d	22.9 d	19.7 d	23.3 d	27.1 	26.0 d	24.6 d	: 	: 	: 	: 
FT02_3,PL	24.7 	25.2 d	24.4 d	23.2 d	20.6 d	21.6 d	21.2 d	20.9 d	21.5 d	21.8 	15.6 d	17.9 d	: 	: 	: 	: 
FT02_3,PT	: 	: 	32.1 d	27.5 d	27.9 d	28.7 d	29.3 d	28.5 d	30.8 d	31.2 d	30.5 d	31.7 d	: 	: 	: 	: 
FT02_3,RO	13.0 	15.0 	17.5 	: u	: u	: u	16.0 	: 	: 	: 	: 	: 	: 	: 	: 	: 
FT02_3,SE	25.7 d	25.7 d	26.7 d	25.0 d	24.3 d	24.2 d	24.5 d	24.7 d	24.9 d	25.1 	23.1 	24.1 	: 	: 	: 	: 
FT02_3,SI	30.0 	30.4 	26.8 d	24.2 d	22.1 d	25.5 d	23.4 d	22.2 d	21.8 d	22.9 d	23.1 d	: 	: 	: 	: 	: 
FT02_3,SK	19.6 d	20.7 d	20.6 d	17.1 d	15.9 d	16.5 d	16.9 d	18.7 d	18.0 d	17.2 d	16.3 d	16.6 d	: 	: 	: 	: 
FT02_3,TR	15.1 	15.7 	: 	: 	: 	: 	: 	: u	: u	: u	: u	: u	: 	: 	: 	: 
FT02_3,UK	27.7 d	28.7 d	26.9 d	25.2 d	25.2 	25.9 	25.4 	22.1 	23.9 	22.5 	21.2 	21.0 	: 	: 	: 	: 
FT02_4,AT	35.6 	38.3 	39.4 d	39.4 d	42.3 d	43.4 d	44.4 d	43.0 d	41.6 d	41.6 	38.7 	32.9 	: 	: 	: 	: 
FT02_4,BE	38.5 d	40.1 d	42.0 d	40.6 d	38.8 d	39.3 d	37.1 d	36.6 d	39.1 d	40.8 d	40.5 d	40.7 d	: 	: 	: 	: 
FT02_4,BG	34.2 	35.1 	48.2 	44.4 	38.5 	42.8 	43.3 	48.2 	52.4 	53.5 	50.1 	52.4 	: 	: 	: 	: 
FT02_4,CY	47.3 	42.2 	38.7 	41.6 	37.6 	43.4 	41.6 	37.3 	40.9 	48.3 	47.6 	51.8 	: 	: 	: 	: 
FT02_4,CZ	34.7 	30.1 	32.0 	30.8 	33.0 	40.7 	31.4 	33.0 	37.3 	35.4 	35.2 	34.4 	: 	: 	: 	: 
FT02_4,DE	40.8 	42.6 	43.6 	41.5 	39.1 	39.8 	40.7 	40.5 	42.3 	40.8 	40.8 	41.7 	: 	: 	: 	: 
FT02_4,DK	50.8 d	46.8 d	48.5 d	44.3 d	45.2 d	44.1 d	44.7 d	47.1 d	45.7 d	50.1 	49.7 	45.0 	: 	: 	: 	: 
FT02_4,EE	34.1 	32.4 	31.9 	26.1 	24.6 	21.4 	23.7 	: 	: 	: 	: 	: 	: 	: 	: 	: 
FT02_4,EL	: 	: 	: 	: 	: 	: 	24.8 	23.2 	21.5 	22.5 d	22.5 d	: u	: 	: 	: 	: 
FT02_4,ES	40.8 	42.3 	42.3 	40.2 d	39.8 d	37.6 d	36.9 d	35.9 d	35.9 d	33.7 	33.9 	32.9 	: 	: 	: 	: 
FT02_4,FI	46.6 	46.4 	46.5 	40.5 	38.3 	39.7 	40.3 	41.8 	42.0 	41.2 	34.4 	42.3 	: 	: 	: 	: 
FT02_4,FR	42.2 	43.8 	43.5 	41.4 	39.5 	37.6 	37.2 	37.4 	38.1 	38.5 	38.0 	38.1 	: 	: 	: 	: 
FT02_4,HR	39.7 	35.4 	42.8 d	44.9 d	38.8 d	: u	: u	: u	: u	: u	: 	: 	: 	: 	: 	: 
FT02_4,HU	: z	: z	: z	: z	: z	33.8 	37.3 	40.6 	: 	: 	: 	: u	: 	: 	: 	: 
FT02_4,IE	: u	: 	: 	: 	: 	: u	27.3 d	27.5 d	27.0 d	29.5 	32.3 	38.2 	: 	: 	: 	: 
FT02_4,IS	22.5 d	24.6 d	27.1 d	26.7 d	25.5 d	24.8 d	26.8 d	26.7 d	27.3 d	29.3 d	25.9 d	28.4 d	: 	: 	: 	: 
FT02_4,IT	29.5 	29.9 	29.7 	28.6 	27.8 	28.4 	28.5 	27.7 	30.7 	30.3 	31.1 	: u	: 	: 	: 	: 
FT02_4,LI	: 	: 	: 	: 	: 	: 	: d	: d	: d	: d	: 	: 	: 	: 	: 	: 
FT02_4,LT	39.2 	36.0 	33.1 	30.9 	31.3 	30.5 	31.5 	33.6 	34.1 	35.2 	35.9 d	30.0 d	: 	: 	: 	: 
FT02_4,LV	36.6 	31.9 	27.9 	33.3 	32.1 	30.6 	33.3 	29.3 	32.6 	39.9 	45.6 	37.1 	: 	: 	: 	: 
FT02_4,MT	36.2 	55.7 	51.1 	48.0 	44.5 	48.4 	50.5 b	33.6 	33.8 	41.6 d	36.6 d	38.8 d	: 	: 	: 	: 
FT02_4,NL	40.7 	41.3 	44.1 	41.4 	41.2 	42.2 	44.0 	46.0 	47.4 	47.3 	46.3 	46.3 	48.2 	48.7 	48.4 	50.2 
FT02_4,NO	30.4 d	32.2 d	34.8 d	30.7 d	31.5 d	30.8 d	32.4 d	35.1 d	36.6 d	37.2 	36.6 	34.7 	: 	: 	: 	: 
FT02_4,PL	38.0 	38.9 d	34.7 d	32.9 d	28.1 d	29.4 d	41.1 d	33.9 d	35.0 d	41.7 	35.7 	29.7 	: 	: 	: 	: 
FT02_4,PT	36.7 d	39.3 d	38.0 d	37.1 d	40.5 d	38.5 d	35.7 d	27.8 d	26.9 d	24.3 d	26.5 d	28.4 d	: 	: 	: 	: 
FT02_4,RO	27.5 	26.6 	29.3 	: u	: u	: u	30.2 	: 	: 	: 	: 	: 	: 	: 	: 	: 
FT02_4,SE	49.9 	49.8 	53.5 	50.7 	48.9 	48.6 	48.1 	50.3 	52.6 	53.8 	54.5 	57.8 	: 	: 	: 	: 
FT02_4,SI	36.5 	35.7 	35.4 d	28.2 d	27.0 d	31.4 	35.8 	33.3 	33.5 	36.8 	46.6 	: 	: 	: 	: 	: 
FT02_4,SK	32.5 d	29.8 d	29.6 d	28.3 d	28.3 d	33.7 d	36.1 d	44.4 d	35.0 d	37.4 d	46.0 d	44.2 d	: 	: 	: 	: 
FT02_4,TR	50.2 	: 	: 	: 	: 	: 	: 	: u	: u	: u	: u	: u	: 	: 	: 	: 
FT02_4,UK	40.4 d	45.5 d	43.8 d	40.4 	43.5 d	45.4 d	44.1 d	35.7 d	38.9 d	39.9 	39.1 	38.0 	: 	: 	: 	: 
